img,class
cellphone-0.jpg,cellphone
cellphone-1.jpg,cellphone
cellphone-10.jpg,cellphone
cellphone-100.jpg,cellphone
cellphone-101.jpg,cellphone
cellphone-102.jpg,cellphone
cellphone-103.jpg,cellphone
cellphone-104.jpg,cellphone
cellphone-105.jpg,cellphone
cellphone-106.jpg,cellphone
cellphone-107.jpg,cellphone
cellphone-108.jpg,cellphone
cellphone-109.jpg,cellphone
cellphone-11.jpg,cellphone
cellphone-110.jpg,cellphone
cellphone-111.jpg,cellphone
cellphone-112.jpg,cellphone
cellphone-113.jpg,cellphone
cellphone-114.jpg,cellphone
cellphone-115.jpg,cellphone
cellphone-116.jpg,cellphone
cellphone-117.jpg,cellphone
cellphone-118.jpg,cellphone
cellphone-119.jpg,cellphone
cellphone-12.jpg,cellphone
cellphone-120.jpg,cellphone
cellphone-121.jpg,cellphone
cellphone-122.jpg,cellphone
cellphone-123.jpg,cellphone
cellphone-124.jpg,cellphone
cellphone-125.jpg,cellphone
cellphone-126.jpg,cellphone
cellphone-127.jpg,cellphone
cellphone-128.jpg,cellphone
cellphone-129.jpg,cellphone
cellphone-13.jpg,cellphone
cellphone-130.jpg,cellphone
cellphone-131.jpg,cellphone
cellphone-132.jpg,cellphone
cellphone-133.jpg,cellphone
cellphone-134.jpg,cellphone
cellphone-135.jpg,cellphone
cellphone-136.jpg,cellphone
cellphone-137.jpg,cellphone
cellphone-138.jpg,cellphone
cellphone-139.jpg,cellphone
cellphone-14.jpg,cellphone
cellphone-140.jpg,cellphone
cellphone-141.jpg,cellphone
cellphone-142.jpg,cellphone
cellphone-143.jpg,cellphone
cellphone-144.jpg,cellphone
cellphone-145.jpg,cellphone
cellphone-146.jpg,cellphone
cellphone-147.jpg,cellphone
cellphone-148.jpg,cellphone
cellphone-149.jpg,cellphone
cellphone-15.jpg,cellphone
cellphone-150.jpg,cellphone
cellphone-151.jpg,cellphone
cellphone-152.jpg,cellphone
cellphone-153.jpg,cellphone
cellphone-154.jpg,cellphone
cellphone-155.jpg,cellphone
cellphone-156.jpg,cellphone
cellphone-157.jpg,cellphone
cellphone-158.jpg,cellphone
cellphone-159.jpg,cellphone
cellphone-16.jpg,cellphone
cellphone-160.jpg,cellphone
cellphone-161.jpg,cellphone
cellphone-162.jpg,cellphone
cellphone-163.jpg,cellphone
cellphone-164.jpg,cellphone
cellphone-165.jpg,cellphone
cellphone-166.jpg,cellphone
cellphone-167.jpg,cellphone
cellphone-168.jpg,cellphone
cellphone-169.jpg,cellphone
cellphone-17.jpg,cellphone
cellphone-170.jpg,cellphone
cellphone-171.jpg,cellphone
cellphone-172.jpg,cellphone
cellphone-173.jpg,cellphone
cellphone-174.jpg,cellphone
cellphone-175.jpg,cellphone
cellphone-18.jpg,cellphone
cellphone-19.jpg,cellphone
cellphone-2.jpg,cellphone
cellphone-20.jpg,cellphone
cellphone-21.jpg,cellphone
cellphone-22.jpg,cellphone
cellphone-23.jpg,cellphone
cellphone-24.jpg,cellphone
cellphone-25.jpg,cellphone
cellphone-26.jpg,cellphone
cellphone-27.jpg,cellphone
cellphone-28.jpg,cellphone
cellphone-29.jpg,cellphone
cellphone-3.jpg,cellphone
cellphone-30.jpg,cellphone
cellphone-31.jpg,cellphone
cellphone-32.jpg,cellphone
cellphone-33.jpg,cellphone
cellphone-34.jpg,cellphone
cellphone-35.jpg,cellphone
cellphone-36.jpg,cellphone
cellphone-37.jpg,cellphone
cellphone-38.jpg,cellphone
cellphone-39.jpg,cellphone
cellphone-4.jpg,cellphone
cellphone-40.jpg,cellphone
cellphone-41.jpg,cellphone
cellphone-42.jpg,cellphone
cellphone-43.jpg,cellphone
cellphone-44.jpg,cellphone
cellphone-45.jpg,cellphone
cellphone-46.jpg,cellphone
cellphone-47.jpg,cellphone
cellphone-48.jpg,cellphone
cellphone-49.jpg,cellphone
cellphone-5.jpg,cellphone
cellphone-50.jpg,cellphone
cellphone-51.jpg,cellphone
cellphone-52.jpg,cellphone
cellphone-53.jpg,cellphone
cellphone-54.jpg,cellphone
cellphone-55.jpg,cellphone
cellphone-56.jpg,cellphone
cellphone-57.jpg,cellphone
cellphone-58.jpg,cellphone
cellphone-59.jpg,cellphone
cellphone-6.jpg,cellphone
cellphone-60.jpg,cellphone
cellphone-61.jpg,cellphone
cellphone-62.jpg,cellphone
cellphone-63.jpg,cellphone
cellphone-64.jpg,cellphone
cellphone-65.jpg,cellphone
cellphone-66.jpg,cellphone
cellphone-67.jpg,cellphone
cellphone-68.jpg,cellphone
cellphone-69.jpg,cellphone
cellphone-7.jpg,cellphone
cellphone-70.jpg,cellphone
cellphone-71.jpg,cellphone
cellphone-72.jpg,cellphone
cellphone-73.jpg,cellphone
cellphone-74.jpg,cellphone
cellphone-75.jpg,cellphone
cellphone-76.jpg,cellphone
cellphone-77.jpg,cellphone
cellphone-78.jpg,cellphone
cellphone-79.jpg,cellphone
cellphone-8.jpg,cellphone
cellphone-80.jpg,cellphone
cellphone-81.jpg,cellphone
cellphone-82.jpg,cellphone
cellphone-83.jpg,cellphone
cellphone-84.jpg,cellphone
cellphone-85.jpg,cellphone
cellphone-86.jpg,cellphone
cellphone-87.jpg,cellphone
cellphone-88.jpg,cellphone
cellphone-89.jpg,cellphone
cellphone-9.jpg,cellphone
cellphone-90.jpg,cellphone
cellphone-91.jpg,cellphone
cellphone-92.jpg,cellphone
cellphone-93.jpg,cellphone
cellphone-94.jpg,cellphone
cellphone-95.jpg,cellphone
cellphone-96.jpg,cellphone
cellphone-97.jpg,cellphone
cellphone-98.jpg,cellphone
cellphone-99.jpg,cellphone
cup-20180627_13_23.jpg,others
cup-20180627_14_24.jpg,others
cup-20180627_14_25.jpg,others
cup-20180627_14_26.jpg,others
cup-20180627_14_27.jpg,others
cup-20180627_15_28.jpg,others
cup-20180627_15_29.jpg,others
cup-20180627_15_30.jpg,others
cup-20180627_15_31.jpg,others
cup-20180627_16_32.jpg,others
cup-20180627_16_33.jpg,others
cup-20180627_16_34.jpg,others
cup-20180627_16_35.jpg,others
cup-20180627_17_36.jpg,others
cup-20180627_17_37.jpg,others
cup-20180627_17_38.jpg,others
cup-20180627_17_39.jpg,others
cup-20180627_18_40.jpg,others
cup-20180627_18_41.jpg,others
cup-20180627_18_42.jpg,others
cup-20180627_18_43.jpg,others
cup-20180627_19_44.jpg,others
cup-20180627_19_45.jpg,others
cup-20180627_19_46.jpg,others
cup-20180627_19_47.jpg,others
cup-20180627_20_52.jpg,others
cup-20180627_20_53.jpg,others
cup-20180627_21_56.jpg,others
cup-20180627_21_57.jpg,others
cup-20180627_21_58.jpg,others
cup-20180627_21_59.jpg,others
cup-20180627_22_60.jpg,others
cup-20180627_22_61.jpg,others
cup-20180627_22_62.jpg,others
cup-20180627_22_63.jpg,others
cup-20180627_23_64.jpg,others
cup-20180627_23_65.jpg,others
cup-20180627_23_66.jpg,others
cup-20180627_23_67.jpg,others
cup-20180627_24_68.jpg,others
cup-20180628_0_0.jpg,others
cup-20180628_0_1.jpg,others
cup-20180628_0_2.jpg,others
cup-20180628_0_3.jpg,others
cup-20180628_10_10.jpg,others
cup-20180628_10_11.jpg,others
cup-20180628_10_8.jpg,others
cup-20180628_10_9.jpg,others
cup-20180628_11_12.jpg,others
cup-20180628_11_13.jpg,others
cup-20180628_11_14.jpg,others
cup-20180628_11_15.jpg,others
cup-20180628_12_16.jpg,others
cup-20180628_12_17.jpg,others
cup-20180628_12_18.jpg,others
cup-20180628_12_19.jpg,others
cup-20180628_13_20.jpg,others
cup-20180628_13_21.jpg,others
cup-20180628_13_22.jpg,others
cup-20180628_13_23.jpg,others
cup-20180628_14_24.jpg,others
cup-20180628_14_25.jpg,others
cup-20180628_14_26.jpg,others
cup-20180628_14_27.jpg,others
cup-20180628_15_28.jpg,others
cup-20180628_15_29.jpg,others
cup-20180628_15_30.jpg,others
cup-20180628_15_31.jpg,others
cup-20180628_16_32.jpg,others
cup-20180628_16_33.jpg,others
cup-20180628_16_34.jpg,others
cup-20180628_16_35.jpg,others
cup-20180628_17_36.jpg,others
cup-20180628_17_37.jpg,others
cup-20180628_17_38.jpg,others
cup-20180628_17_39.jpg,others
cup-20180628_18_40.jpg,others
cup-20180628_18_41.jpg,others
cup-20180628_18_42.jpg,others
cup-20180628_18_43.jpg,others
cup-20180628_19_44.jpg,others
cup-20180628_19_45.jpg,others
cup-20180628_19_46.jpg,others
cup-20180628_19_47.jpg,others
cup-20180628_1_4.jpg,others
cup-20180628_1_5.jpg,others
cup-20180628_1_6.jpg,others
cup-20180628_1_7.jpg,others
cup-20180628_20_52.jpg,others
cup-20180628_20_53.jpg,others
cup-20180628_20_54.jpg,others
cup-20180628_20_55.jpg,others
cup-20180628_21_56.jpg,others
cup-20180628_21_57.jpg,others
cup-20180628_21_58.jpg,others
cup-20180628_21_59.jpg,others
cup-20180628_22_60.jpg,others
cup-20180628_22_61.jpg,others
cup-20180628_22_62.jpg,others
cup-20180628_22_63.jpg,others
cup-20180628_23_64.jpg,others
cup-20180628_23_65.jpg,others
cup-20180628_23_66.jpg,others
cup-20180628_23_67.jpg,others
cup-20180628_24_68.jpg,others
cup-20180628_2_48.jpg,others
cup-20180628_2_49.jpg,others
cup-20180628_2_50.jpg,others
cup-20180628_2_51.jpg,others
cup-20180628_3_69.jpg,others
cup-20180628_3_70.jpg,others
cup-20180628_3_71.jpg,others
cup-20180628_3_72.jpg,others
cup-20180628_4_73.jpg,others
cup-20180628_4_74.jpg,others
cup-20180628_4_75.jpg,others
cup-20180628_4_76.jpg,others
cup-20180628_5_77.jpg,others
cup-20180628_5_78.jpg,others
cup-20180628_5_79.jpg,others
cup-20180628_5_80.jpg,others
cup-20180628_6_81.jpg,others
cup-20180628_6_82.jpg,others
cup-20180628_6_83.jpg,others
paper-20180625_0_0.jpg,others
paper-20180625_0_1.jpg,others
paper-20180625_0_2.jpg,others
paper-20180625_0_3.jpg,others
paper-20180625_10_10.jpg,others
paper-20180625_10_11.jpg,others
paper-20180625_10_8.jpg,others
paper-20180625_10_9.jpg,others
paper-20180625_11_12.jpg,others
paper-20180625_11_13.jpg,others
paper-20180625_11_14.jpg,others
paper-20180625_11_15.jpg,others
paper-20180625_12_16.jpg,others
paper-20180625_12_17.jpg,others
paper-20180625_12_18.jpg,others
paper-20180625_12_19.jpg,others
paper-20180625_13_20.jpg,others
paper-20180625_13_21.jpg,others
paper-20180625_13_22.jpg,others
paper-20180625_13_23.jpg,others
paper-20180625_14_24.jpg,others
paper-20180625_14_25.jpg,others
paper-20180625_14_26.jpg,others
paper-20180625_14_27.jpg,others
paper-20180625_15_28.jpg,others
paper-20180625_15_29.jpg,others
paper-20180625_15_30.jpg,others
paper-20180625_15_31.jpg,others
paper-20180625_16_32.jpg,others
paper-20180625_16_33.jpg,others
paper-20180625_16_34.jpg,others
paper-20180625_16_35.jpg,others
paper-20180625_17_36.jpg,others
paper-20180625_17_37.jpg,others
paper-20180625_17_38.jpg,others
paper-20180625_17_39.jpg,others
paper-20180625_18_40.jpg,others
paper-20180625_1_4.jpg,others
paper-20180625_1_5.jpg,others
paper-20180625_1_6.jpg,others
paper-20180625_1_7.jpg,others
paper-20180625_2_48.jpg,others
paper-20180625_2_49.jpg,others
paper-20180625_2_50.jpg,others
paper-20180625_2_51.jpg,others
paper-20180625_3_69.jpg,others
paper-20180625_3_70.jpg,others
paper-20180625_3_71.jpg,others
paper-20180625_3_72.jpg,others
paper-20180625_4_73.jpg,others
paper-20180625_4_74.jpg,others
paper-20180625_4_75.jpg,others
paper-20180625_4_76.jpg,others
paper-20180625_5_77.jpg,others
paper-20180625_5_78.jpg,others
paper-20180625_5_79.jpg,others
paper-20180625_5_80.jpg,others
paper-20180625_6_81.jpg,others
paper-20180625_6_82.jpg,others
paper-20180625_6_83.jpg,others
paper-20180625_6_84.jpg,others
paper-20180625_7_85.jpg,others
paper-20180625_7_86.jpg,others
paper-20180625_7_87.jpg,others
paper-20180625_7_88.jpg,others
paper-20180625_8_89.jpg,others
paper-20180625_8_90.jpg,others
paper-20180625_8_91.jpg,others
paper-20180625_8_92.jpg,others
paper-20180625_9_93.jpg,others
paper-20180625_9_94.jpg,others
paper-20180625_9_95.jpg,others
paper-20180625_9_96.jpg,others
paper-20180626_10_10.jpg,others
paper-20180626_10_11.jpg,others
paper-20180626_10_8.jpg,others
paper-20180626_10_9.jpg,others
paper-20180626_11_12.jpg,others
paper-20180626_11_13.jpg,others
paper-20180626_11_14.jpg,others
paper-20180626_12_17.jpg,others
paper-20180626_12_18.jpg,others
paper-20180626_12_19.jpg,others
paper-20180626_13_20.jpg,others
paper-20180626_13_21.jpg,others
paper-20180626_13_22.jpg,others
paper-20180626_13_23.jpg,others
paper-20180626_14_24.jpg,others
paper-20180626_14_25.jpg,others
paper-20180626_14_26.jpg,others
paper-20180626_14_27.jpg,others
paper-20180626_15_28.jpg,others
paper-20180626_15_29.jpg,others
paper-20180626_15_30.jpg,others
paper-20180626_15_31.jpg,others
paper-20180626_16_32.jpg,others
paper-20180626_16_33.jpg,others
paper-20180626_16_34.jpg,others
paper-20180626_19_47.jpg,others
paper-20180626_20_52.jpg,others
paper-20180626_21_57.jpg,others
paper-20180626_22_63.jpg,others
paper-20180626_2_48.jpg,others
paper-20180626_3_69.jpg,others
paper-20180627_14_27.jpg,others
paper-20180627_21_58.jpg,others
paper-20180627_21_59.jpg,others
paper-20180627_22_60.jpg,others
paper-20180627_22_61.jpg,others
paper-20180627_22_62.jpg,others
paper-20180627_22_63.jpg,others
paper-20180627_23_64.jpg,others
paper-20180627_23_65.jpg,others
paper-20180627_23_67.jpg,others
paper-20180628_10_10.jpg,others
paper-20180628_10_11.jpg,others
paper-20180628_11_13.jpg,others
paper-20180628_12_19.jpg,others
paper-20180628_13_23.jpg,others
paper-20180628_22_62.jpg,others
paper-20180628_22_63.jpg,others
paper-20180628_23_64.jpg,others
paper-20180628_23_65.jpg,others
paper-20180628_23_66.jpg,others
paper-20180628_23_67.jpg,others
paper-20180628_24_68.jpg,others
paper-20180628_3_70.jpg,others
paper-20180629_21_56.jpg,others
paper-20180629_21_57.jpg,others
paper-20180629_21_58.jpg,others
paper-20180629_21_59.jpg,others
paper-20180629_22_60.jpg,others
paper-20180629_22_61.jpg,others
paper-20180629_22_63.jpg,others
paper-20180629_23_66.jpg,others
paper-20180629_23_67.jpg,others
paper-20180629_24_68.jpg,others
paper-20180630_0_0.jpg,others
paper-20180630_0_1.jpg,others
paper-20180630_0_2.jpg,others
paper-20180630_0_3.jpg,others
paper-20180630_10_10.jpg,others
paper-20180630_10_11.jpg,others
paper-20180630_10_8.jpg,others
paper-20180630_10_9.jpg,others
paper-20180630_11_12.jpg,others
paper-20180630_12_16.jpg,others
paper-20180630_12_17.jpg,others
paper-20180630_13_21.jpg,others
paper-20180630_15_30.jpg,others
paper-20180630_17_39.jpg,others
paper-20180630_3_71.jpg,others
paper-20180630_4_76.jpg,others
paper-20180630_5_77.jpg,others
paper-20180630_7_88.jpg,others
paper-20180630_9_95.jpg,others
